Date,High,Low,Open,Close,Volume
2018-12-31,1062.99,1033.0387,1057.83,1044.96,1654209
2018-12-28,1064.23,1042,1059.5,1046.68,1718018
2018-12-27,1053.34,1007,1026.2,1052.9,2265984
2018-12-26,1048.45,992.645,997.99,1047.85,2306710
2018-12-24,1012.1195,977.6599,984.32,984.67,1817955
2018-12-21,1037.67,981.19,1032.04,991.25,5225681
2018-12-20,1047.44,1007.8648,1026,1023.58,2654268
2018-12-19,1075.71,1019.43,1047.29,1035.46,2908506
2018-12-18,1059.69,1030.48,1034,1043.41,2179044
2018-12-17,1062.38,1016.63,1047.01,1025.65,2477016
2018-12-14,1071.72,1049.37,1060.02,1051.71,1817086
2018-12-13,1088.42,1064.994,1075.67,1073.54,1249235
2018-12-12,1091.7325,1071.97,1077.08,1073.73,1447393
2018-12-11,1070.4,1050.1,1066.94,1061.65,1691864
2018-12-10,1059.6,1033,1042.94,1053.18,1681872
2018-12-07,1085.03,1039.37,1072.23,1046.58,2127531
2018-12-06,1079.42,1042.48,1045,1078.08,2364581
2018-12-04,1114.24,1060.775,1112.99,1062.47,2271452
2018-12-03,1135,1111.73,1132.16,1116.36,2871472
2018-11-30,1109.65,1083.18,1095.63,1109.65,2978017
2018-11-29,1100.15,1082,1083.53,1094.58,1548754
2018-11-28,1092.8575,1042.95,1057.46,1091.79,2297670
2018-11-27,1066.76,1045.5,1051.34,1052.28,1642116
2018-11-26,1057,1039.77,1044,1055.94,1574870
2018-11-23,1043,1028.52,1033.5,1030.1,708859
2018-11-21,1054.705,1039.455,1045.31,1043.43,1483772
2018-11-20,1037.35,1002.21,1007.29,1030.45,2722040
2018-11-19,1068,1022.8692,1063.39,1027.42,2278839
2018-11-16,1072.44,1054.9,1065.23,1068.27,1762765
2018-11-15,1078.87,1041.2925,1051.46,1071.05,2075606
2018-11-14,1065.79,1041.11,1060,1054.58,1730473
2018-11-13,1066.665,1040.4,1054.81,1047.97,1285845
2018-11-12,1074.1,1040.35,1073.13,1049.36,1690483
2018-11-09,1088.35,1064.26,1084.02,1077.02,1742807
2018-11-08,1108.22,1084.36,1107.3,1094.63,1684536
2018-11-07,1109.9299,1080.59,1083.49,1108.24,2167553
2018-11-06,1079.82,1053.61,1055.02,1069.57,1396959
2018-11-05,1073.35,1034,1072.53,1055.73,2266980
2018-11-02,1098,1067.66,1089,1071.49,2166719
2018-11-01,1099.9,1077.82,1091.4,1085.98,1997706
2018-10-31,1108,1068.2,1068.2,1090.58,3543656
2018-10-30,1050.9,1013.97,1020.01,1049.51,2976821
2018-10-29,1108.83,1007.2,1096.54,1034.73,4058794
2018-10-26,1117,1042.23,1048.33,1083.75,5319801
2018-10-25,1117.82,1075.545,1080.3,1103.59,3609546
2018-10-24,1116.62,1055.06,1115,1057.12,2445306
2018-10-23,1118,1079.01,1091.29,1114.91,1883300
2018-10-22,1121.69,1100,1112.51,1111.37,1354126
2018-10-19,1120.95,1097.03,1103.71,1105.18,2062281
2018-10-18,1132.35,1086.34,1130,1097.91,2304930
2018-10-17,1147,1114,1140,1127.59,1780906
2018-10-16,1136.37,1111.75,1113.48,1133.08,1916401
2018-10-15,1121.795,1098.22,1118,1102.44,1496836
2018-10-12,1125.8299,1095.025,1119.64,1120.54,2465227
2018-10-11,1116.055,1075.89,1079.04,1090.74,3380129
2018-10-10,1137.02,1091.51,1136.4,1092.16,2922345
2018-10-09,1161.55,1144.17,1151.31,1145.17,1684297
2018-10-08,1175.86,1135.4,1160,1155.92,2302699
2018-10-05,1182,1154.32,1176,1167.83,1592399
2018-10-04,1205.9,1163.845,1205.03,1177.07,2327056
2018-10-03,1214.18,1202.15,1212,1211.53,1311457
2018-10-02,1224.52,1199.66,1206.67,1207.64,1993308
2018-10-01,1224.2,1203.19,1213,1208.53,1639347
2018-09-28,1208.45,1197.83,1204.09,1207.08,1755681
2018-09-27,1216.86,1198.05,1200,1207.36,1812840
2018-09-26,1207.24,1185.3969,1193.69,1194.06,1874062
2018-09-25,1196.8599,1174.09,1184.25,1193.89,1657441
2018-09-24,1185.19,1151.5,1159.41,1179.56,1555399
2018-09-21,1196.58,1172.06,1194.92,1172.12,4447045
2018-09-20,1194,1176.25,1180.67,1191.57,1459397
2018-09-19,1176.27,1158.6152,1168.96,1174.27,1296664
2018-09-18,1181.33,1161.425,1162.66,1167.11,1582917
2018-09-17,1181.82,1158.455,1177.77,1159.83,1702702
2018-09-14,1188,1173.52,1188,1177.98,1199146
2018-09-13,1187.86,1169.22,1179.7,1182.14,1997315
2018-09-12,1190.694,1166.16,1182,1171.6,1766951
2018-09-11,1190.94,1165.95,1171.1,1189.99,1461447
2018-09-10,1186.66,1170.61,1184.2,1175.06,1350356
2018-09-07,1188.545,1169.27,1172,1177.59,1632359
2018-09-06,1198.9865,1163.61,1198.57,1183.99,2327317
2018-09-05,1214.87,1175.34,1209.22,1199.1,2694064
2018-09-04,1227.87,1206.56,1222.52,1211.31,2035568
2018-08-31,1252.545,1225.7547,1252.21,1231.8,2113276
2018-08-30,1269.49,1247.21,1263.4,1254.44,1502651
2018-08-29,1267.17,1252.8,1255,1264.65,1843277
2018-08-28,1256.56,1242.97,1255.9,1245.86,1364387
2018-08-27,1257.87,1240.68,1244.14,1256.27,1427768
2018-08-24,1237.4,1221.42,1226,1236.75,1221489
2018-08-23,1235.17,1219.3488,1219.88,1221.16,1228148
2018-08-22,1226.53,1213.22,1214.22,1221.75,1112962
2018-08-21,1232.76,1215.03,1223.02,1217.41,1125388
2018-08-20,1225.91,1208.7,1220.66,1221.95,1104468
2018-08-17,1226.9547,1204,1222.04,1215.85,1651969
2018-08-16,1243.6974,1219.63,1241.99,1224.06,1606960
2018-08-15,1251.98,1226.245,1244.28,1232.22,1850944
2018-08-14,1260.59,1239.54,1252.5,1258.14,1402462
2018-08-13,1265.97,1247.03,1251.2,1248.64,1374810
2018-08-10,1261.2,1247.1635,1259.18,1252.51,1328940
2018-08-09,1271.9648,1260.1011,1262.73,1264.46,1363964
2018-08-08,1271.72,1252.12,1256.72,1261.33,1716392
2018-08-07,1266.08,1251.8,1252.01,1255.84,2122109
2018-08-06,1242.4616,1230.53,1241.61,1237.67,1104740
2018-08-03,1246.52,1229.42,1245.18,1238.16,1061495
2018-08-02,1244.41,1218.06,1218.5,1241.13,1732926
2018-08-01,1245.9003,1224.94,1239.11,1232.99,1848638
2018-07-31,1241.21,1216.19,1231.71,1227.22,1959391
2018-07-30,1252.89,1224.17,1245.05,1230.04,2190131
2018-07-27,1291.44,1244.495,1289.12,1252.89,2415829
2018-07-26,1287.4,1263,1267.18,1285.5,2728721
2018-07-25,1278.24,1249.05,1252.62,1275.94,2514739
2018-07-24,1275,1244.14,1271,1258.15,5377827
2018-07-23,1215.1,1192.01,1195.66,1211,3229832
2018-07-20,1210.765,1196.59,1199.24,1197.88,1895052
2018-07-19,1216.48,1197.7344,1206.65,1199.1,1898533
2018-07-18,1221.59,1204.56,1208.53,1212.91,1943881
2018-07-17,1218.76,1182,1182.74,1213.08,2003793
2018-07-16,1208.71,1193.4011,1203.81,1196.51,1331187
2018-07-13,1210.44,1195.29,1202.8,1204.42,1630345
2018-07-12,1201.986,1173.1,1174.86,1201.26,2203976
2018-07-11,1180.44,1155.3745,1155.62,1171.46,1660757
2018-07-10,1173.5,1162.56,1169.99,1167.14,1058531
2018-07-09,1167.93,1157.2345,1160,1167.28,1076709
2018-07-06,1156.2,1137.24,1141.77,1155.08,1090371
2018-07-05,1144.14,1123.12,1124.6,1141.29,1426446
2018-07-03,1149.91,1114.43,1149.42,1116.28,822394
2018-07-02,1142.99,1106.6,1115.35,1142.11,1160102
2018-06-29,1141.359,1127.02,1132.31,1129.19,1576518
2018-06-28,1134,1106.0724,1112.39,1126.78,1486166
2018-06-27,1146.21,1116.7,1136,1116.94,1710210
2018-06-26,1146.87,1129,1144.14,1132.62,1731587
2018-06-25,1155.99,1119.9,1155,1139.28,2883265
2018-06-22,1175,1159.65,1171.495,1169.29,1710355
2018-06-21,1190.333,1163.48,1185.51,1169.44,2244230
2018-06-20,1201.49,1182.03,1183.3,1184.07,2581349
2018-06-19,1182.81,1161.61,1170.11,1178.69,2361117
2018-06-18,1184.13,1151,1152.69,1183.58,1646603
2018-06-15,1163.9088,1153.69,1159.92,1159.27,2212316
2018-06-14,1165.99,1150.6,1152.21,1160.11,1769321
2018-06-13,1155.64,1143.38,1152.28,1144.23,1708019
2018-06-12,1148.75,1141.02,1141.02,1148.19,1294382
2018-06-11,1147.74,1131.3986,1132.94,1140.9,1231629
2018-06-08,1138.78,1123.23,1131.21,1132.71,1363479
2018-06-07,1145.865,1126.12,1144.58,1134.42,1804825
2018-06-06,1154.7139,1136.3201,1152.77,1146.95,1746129
2018-06-05,1161.0964,1147.46,1154.66,1151.02,1643828
2018-06-04,1157.8573,1137,1138.5,1153.04,2236173
2018-06-01,1138.16,1112.0101,1112.87,1135,3156763
2018-05-31,1110,1078,1082,1100,3964976
2018-05-30,1078.99,1066.55,1073.48,1077.47,1423543
2018-05-29,1081.34,1063.08,1076,1068.07,1795685
2018-05-25,1089.57,1082.6,1086.55,1084.08,1101179
2018-05-24,1087.12,1072.3,1086.9,1085.45,1026860
2018-05-23,1088,1066.96,1070,1085.96,1185993
2018-05-22,1091.8,1072.26,1089.8,1075.31,1110885
2018-05-21,1093.3,1078,1079,1084.01,1256781
2018-05-18,1073.73,1064.68,1066,1069.64,1771151
2018-05-17,1091,1076.42,1081.46,1081.26,1285418
2018-05-16,1094.3825,1081.6301,1085.09,1084.09,1280674
2018-05-15,1099.12,1078.78,1096.9,1084.87,1785306
2018-05-14,1118.15,1104.8,1105.57,1106.6,1965381
2018-05-11,1109.01,1097.22,1100.41,1103.38,1524674
2018-05-10,1109.41,1093.88,1095,1105.47,1819795
2018-05-09,1094,1062.11,1064.1,1088.95,2352271
2018-05-08,1065.23,1051.641,1064.62,1058.59,1273984
2018-05-07,1065,1050.2697,1053.89,1059.46,1724172
2018-05-04,1051.8792,1018.05,1019.61,1051,1842888
2018-05-03,1030.69,1007.89,1025.37,1026.3,1952952
2018-05-02,1043.98,1023.16,1034,1026.05,1667720
2018-05-01,1041.73,1010.61,1016.3,1040.75,1762608
2018-04-30,1038.37,1018.3,1034.42,1018.58,1719329
2018-04-27,1051.695,1027.59,1045.54,1031.45,2035027
2018-04-26,1052.02,1020.45,1033.22,1043.31,2517613
2018-04-25,1036.07,1017.01,1029.75,1022.99,2817823
2018-04-24,1064.49,1012.855,1059.2,1022.64,6385045
2018-04-23,1088,1066.68,1082.98,1073.81,3415873
2018-04-20,1094.75,1072.1,1084.27,1077.32,2102478
2018-04-19,1097.51,1069.02,1069.02,1089.45,1985396
2018-04-18,1082,1070.515,1079.01,1075.39,1545137
2018-04-17,1085,1057.0901,1061.2,1079.36,2725880
2018-04-16,1051.4295,1033.92,1045.55,1046.1,1488006
2018-04-13,1052.98,1030.15,1046.89,1036.04,1227585
2018-04-12,1044.65,1026.05,1031.47,1037.29,1642796
2018-04-11,1035.87,1019.2,1032,1025.06,1649928
2018-04-10,1041.21,1015.41,1030.26,1036.5,1832822
2018-04-09,1044.59,1019.2,1020.04,1020.09,1658797
2018-04-06,1036,1006.2501,1023.1,1009.95,2004659
2018-04-05,1046.71,1024,1046.39,1032.64,1745491
2018-04-04,1032.74,996.51,998.23,1029.71,2533032
2018-04-03,1025,997.245,1016.15,1018.68,2565399
2018-04-02,1039.53,994.25,1027.62,1012.63,3244444
2018-03-29,1048.05,1004.04,1011.21,1037.14,3465316
2018-03-28,1024.99,984,1001.91,1005.18,3880265
2018-03-27,1064.54,997.62,1063.9,1006.94,3020932
2018-03-26,1059.27,1010.58,1050.6,1054.09,3295560
2018-03-23,1066.7799,1024.87,1051.37,1026.55,2488884
2018-03-22,1083.92,1049.64,1080.01,1053.15,3424001
2018-03-21,1108.7,1087.21,1092.57,1094,2213051
2018-03-20,1105.55,1082.42,1098.4,1095.8,2729342
2018-03-19,1119.37,1088.92,1117.76,1100.07,3092245
2018-03-16,1156.81,1131.36,1155.35,1134.42,2711479
2018-03-15,1162.5,1135.66,1149.57,1150.61,1665598
2018-03-14,1159.7599,1142.35,1145.8,1148.89,2092946
2018-03-13,1178,1134.57,1171.83,1139.91,2153897
2018-03-12,1178.16,1159.2,1165.05,1165.93,2198182
2018-03-09,1161,1134.29,1139.5,1160.84,2130889
2018-03-08,1131.44,1117.2,1117.2,1129.38,1726412
2018-03-07,1116.2,1089.9102,1092.82,1115.04,1489488
2018-03-06,1105.63,1094.5,1102.103,1100.9,1160359
2018-03-05,1101.18,1072.2701,1078.13,1094.76,1366391
2018-03-02,1086.89,1050.11,1057.98,1084.14,2462459
2018-03-01,1111.2732,1067.285,1109.54,1071.41,2763443
2018-02-28,1127.65,1103,1122,1103.92,2456040
2018-02-27,1144.25,1116.7901,1143.7,1117.51,2135306
2018-02-26,1144.2,1129.34,1131.86,1143.7,1503166
2018-02-23,1129,1108.4373,1118.66,1128.09,1262837
2018-02-22,1125.46,1105.15,1119.17,1109.9,1398673
2018-02-21,1136.2,1107.51,1109.1,1113.75,2071384
2018-02-20,1116.29,1090,1092.76,1103.59,1683724
2018-02-16,1108.31,1091.55,1093.38,1095.5,1993147
2018-02-15,1094.1,1067.23,1083.45,1091.36,1858866
2018-02-14,1075.47,1049.8,1054.32,1072.7,2057532
2018-02-13,1061.22,1046.92,1050,1054.14,1575967
2018-02-12,1065.57,1045.49,1056.67,1054.56,2804888
2018-02-09,1051.72,997,1025.88,1046.27,4912365
2018-02-08,1063.93,1004.7,1059.87,1007.71,3330234
2018-02-07,1086.53,1054.62,1084.97,1055.41,2584451
2018-02-06,1087.375,1030.01,1033.98,1084.43,3805467
2018-02-05,1114.99,1056.74,1100.61,1062.39,4151504
2018-02-02,1131.3,1111.17,1127.42,1119.2,5831818
2018-02-01,1187.45,1169.36,1175.99,1181.59,3617850
2018-01-31,1186.32,1172.1,1183.81,1182.22,1788813
2018-01-30,1187.93,1174.51,1177.72,1177.37,1813553
2018-01-29,1198,1184.06,1188,1186.48,1570320
2018-01-26,1187.56,1168.03,1187.53,1187.56,2097874
2018-01-25,1185,1171.84,1180.71,1182.14,1486658
2018-01-24,1187.05,1167.401,1184.98,1171.29,1845809
2018-01-23,1178.51,1167.25,1170.62,1176.17,1940085
2018-01-22,1166.88,1141.82,1143.82,1164.16,1475670
2018-01-19,1143.7797,1132.5,1138.03,1143.5,1449097
2018-01-18,1140.585,1124.465,1139.35,1135.97,1372015
2018-01-17,1139.32,1123.49,1136.36,1139.1,1389212
2018-01-16,1148.88,1126.66,1140.31,1130.7,1803008
2018-01-12,1131.3025,1108.0101,1110.1,1130.65,1926815
2018-01-11,1114.85,1106.48,1112.31,1112.05,1109701
2018-01-10,1112.78,1103.9842,1107,1110.14,1036362
2018-01-09,1118.44,1108.201,1118.44,1112.79,1338828
2018-01-08,1119.16,1110,1111,1114.21,1231344
2018-01-05,1113.5799,1101.795,1103.45,1110.29,1512493
2018-01-04,1104.0765,1094.26,1097.09,1095.76,1302470
2018-01-03,1096.1,1073.43,1073.93,1091.52,1564410
2018-01-02,1075.98,1053.02,1053.02,1073.21,1587358
2017-12-29,1058.05,1052.7,1055.49,1053.4,1178433
2017-12-28,1064.84,1053.38,1062.25,1055.95,993945
2017-12-27,1068.27,1058.38,1066.6,1060.2,1115893
2017-12-26,1068.86,1058.6401,1068.64,1065.85,918251
2017-12-22,1071.72,1067.64,1070,1068.86,885293
2017-12-21,1077.52,1069,1075.39,1070.85,1247608
2017-12-20,1081.235,1068.6,1080.92,1073.56,1435721
2017-12-19,1084.975,1072.2704,1083.02,1079.78,1291608
2017-12-18,1086.49,1070.37,1076.45,1085.09,1512241
2017-12-15,1075.25,1060.0901,1063.78,1072,3184555
2017-12-14,1067.08,1053.595,1055.49,1057.47,1545568
2017-12-13,1055.48,1046.58,1052.08,1051.39,1383935
2017-12-12,1062.5,1044.87,1050,1048.77,1692799
2017-12-11,1056,1044.12,1051.11,1051.97,1161981
2017-12-08,1056.42,1045.86,1051.81,1049.38,1491994
2017-12-07,1048.92,1035.36,1036.07,1044.57,1542074
2017-12-06,1039.58,1015.31,1016.52,1032.72,1380665
2017-12-05,1036.68,1002.315,1010.99,1019.6,1948970
2017-12-04,1031.34,1009.22,1027.8,1011.87,1938233
2017-12-01,1037.245,1016.9,1030.41,1025.07,1867088
2017-11-30,1044.1399,1030.07,1039.94,1036.17,2232482
2017-11-29,1058.77,1029.6533,1056.18,1037.38,2789533
2017-11-28,1080,1054.54,1073.99,1063.29,1819336
2017-11-27,1073.035,1054.7713,1058.57,1072.01,1771183
2017-11-24,1060.07,1051.92,1054.39,1056.52,825369
2017-11-22,1055.43,1047.25,1051.16,1051.92,726428
2017-11-21,1050.39,1039.14,1040.04,1050.3,1080867
2017-11-20,1038.695,1032.675,1036,1034.66,857692
2017-11-17,1051,1033.73,1049.8,1035.89,1334171
2017-11-16,1051.76,1038,1038.75,1048.47,1137569
2017-11-15,1039.63,1030.76,1035,1036.41,903823
2017-11-14,1042.3,1029.33,1037.72,1041.64,1049579
2017-11-13,1048.74,1039.26,1040.8,1041.2,940083
2017-11-10,1046.63,1041.22,1043.87,1044.15,970438
2017-11-09,1050.88,1035.85,1048,1047.72,1793882
2017-11-08,1062.691,1047.05,1050.05,1058.29,1214458
2017-11-07,1053.41,1043,1049.65,1052.39,1303523
2017-11-06,1052.59,1042,1049.1,1042.68,913890
2017-11-03,1050.66,1037.65,1042.75,1049.99,1385129
2017-11-02,1045.52,1028.66,1039.99,1042.97,1334054
2017-11-01,1047.86,1034,1036.315,1042.595,2132655
2017-10-31,1041,1026.295,1033,1033.04,1502091
2017-10-30,1039.83,1022.33,1029.16,1033.13,2339218
2017-10-27,1063.62,1026.85,1030.99,1033.67,5182669
2017-10-26,1006.51,990.47,998.47,991.42,2341752
2017-10-25,994.43,977.722,986.27,991.46,1398153
2017-10-24,989.26,977.08,986.5,988.49,1437362
2017-10-23,1005.7938,983.1,1005.18,985.54,1637624
2017-10-20,1008.65,1002.27,1007.05,1005.07,1605177
2017-10-19,1007.322,997.3,1004.75,1001.84,1681370
2017-10-18,1016.3091,1005.32,1011.05,1012.74,1278729
2017-10-17,1014.56,1006.05,1007.44,1011,1006931
2017-10-16,1012,1001.52,1009.63,1009.35,1069349
2017-10-13,1014.76,1007.06,1009.11,1007.87,1327076
2017-10-12,1011.5388,1001.1,1003.84,1005.65,1540348
2017-10-11,1007.565,987.94,989.04,1005.65,1813182
2017-10-10,997.47,981.11,995.3,987.8,1163319
2017-10-09,1000.46,991.5,995,992.31,1294495
2017-10-06,994.26,978.51,980,993.64,1551905
2017-10-05,986.5085,970.27,972.79,985.19,1778767
2017-10-04,974.4,965.61,971.76,966.78,1056204
2017-10-03,972.44,962.705,967.56,972.08,1083811
2017-10-02,977.74,961.95,975.65,967.47,1536652
2017-09-29,975.81,966,966,973.72,2026337
2017-09-28,966.18,955.55,956.25,964.81,1400397
2017-09-27,965.43,941.95,942.74,959.9,2332282
2017-09-26,944.08,935.12,936.69,937.43,1628565
2017-09-25,939.75,924.5101,939.45,934.28,1869992
2017-09-22,950,940.835,942.77,943.26,1074266
2017-09-21,952.8,939.38,948.13,947.55,1307418
2017-09-20,950,937.5,937.73,947.54,1922862
2017-09-19,937.94,926.66,933.41,936.86,1232224
2017-09-18,936.86,925.4,935.01,929.75,1456206
2017-09-15,941.75,931.25,940.09,935.29,1956538
2017-09-14,948.03,938.356,946,940.13,1424567
2017-09-13,952.85,944.74,945.5,950.44,1094735
2017-09-12,948.085,937.5,946.92,946.65,1283580
2017-09-11,952.68,941,947.2,943.29,1336181
2017-09-08,950.7,940.01,949.7,941.41,999254
2017-09-07,950.4965,937.53,944.25,949.89,1115442
2017-09-06,944.5,932.68,943.87,942.02,1390301
2017-09-05,951.3854,935.6,946.86,941.48,1458147
2017-09-01,958.33,950.28,957.47,951.99,1040545
2017-08-31,957.195,946.25,946.3,955.24,1692138
2017-08-30,945.86,934.05,935.67,943.63,1118563
2017-08-29,938.19,919.31,919.95,935.75,1158354
2017-08-28,934.85,926.11,931.88,928.13,1044123
2017-08-25,940.73,930.1,939.21,930.5,1184541
2017-08-24,946.31,930.74,943.71,936.89,1294082
2017-08-23,945.425,935.24,937,942.58,1133170
2017-08-22,941.9617,926.17,926.96,940.4,1759671
2017-08-21,928.25,918.6,925.77,920.87,1299116
2017-08-18,931.02,923.45,926.98,926.18,1334709
2017-08-17,943.81,927.64,942.95,927.66,1673792
2017-08-16,949.9,940.0391,941.25,944.27,1343195
2017-08-15,943.07,936.64,941.03,938.08,1103653
2017-08-14,941.04,934.485,939.07,938.93,1149516
2017-08-11,933.36,921.22,923.71,930.09,1615509
2017-08-10,936.3,921.7768,935,923.59,2704040
2017-08-09,943.76,933.92,938.45,940.08,1396204
2017-08-08,952.49,942.48,944.29,944.19,1499665
2017-08-07,948.96,943.5,947.52,945.75,1444154
2017-08-04,947.54,939.795,943.95,945.79,1202478
2017-08-03,950,939.44,949.1,940.3,1051251
2017-08-02,949.1,932.521,948.37,947.64,2037607
2017-08-01,954.49,944.96,947.81,946.56,1324952
2017-07-31,961.1925,941.725,960,945.5,2289972
2017-07-28,961.79,945.31,947.99,958.33,1813698
2017-07-27,969.52,937.06,969.18,952.51,3710908
2017-07-26,973.95,960.23,972.78,965.31,2190430
2017-07-25,976.73,963.8,970.7,969.03,5929386
2017-07-24,1006.19,990.2728,994.1,998.31,3894298
2017-07-21,995.11,984.17,989,993.84,1461289
2017-07-20,998.68,984.62,997,992.19,1415715
2017-07-19,995.6,987.01,990.01,992.77,1397612
2017-07-18,990.85,972.04,973.36,986.95,1406825
2017-07-17,983.35,970.8,976.32,975.96,1655881
2017-07-14,977.54,970.15,974,976.91,1071565
2017-07-13,978.7,964.8,970.8,968.85,1523367
2017-07-12,969.63,957.04,960.86,967.66,1599395
2017-07-11,954.89,945.12,950.52,953.53,1460582
2017-07-10,953.13,941.95,941.95,951,1411447
2017-07-07,944.66,929.79,930.985,940.81,1618240
2017-07-06,936.14,919.85,925,927.69,2013940
2017-07-05,936.29,918.6305,924.2,932.26,2091688
2017-07-03,934.24,915.31,933.22,919.46,1694811
2017-06-30,944.9995,929.61,943.99,929.68,2284968
2017-06-29,951.66,929.6,951.35,937.82,3203172
2017-06-28,963.24,936.16,950.66,961.01,2738594
2017-06-27,967.22,947.09,961.6,948.09,2441709
2017-06-26,993.99,970.33,990,972.09,1516569
2017-06-23,986.62,974.46,975.5,986.09,1547282
2017-06-22,980.5,973.3148,976.87,976.62,1000823
2017-06-21,979.67,969.16,970.79,978.59,1146174
2017-06-20,980.79,968.2,975.31,968.99,1295749
2017-06-19,979.3,968.2,969.65,975.22,1457679
2017-06-16,959.95,948.7,957.91,958.62,2545774
2017-06-15,960.6775,940.37,948.02,960.18,2359537
2017-06-14,979.7,959.5103,975.5,967.93,1499740
2017-06-13,977.91,962.01,972.04,970.5,2003870
2017-06-12,968,936.795,958.72,961.81,4197440
2017-06-09,1005.5,953.37,1005.49,970.12,3641666
2017-06-08,1005.6,996.62,1004.23,1004.28,1681384
2017-06-07,1003.91,995.81,998.82,1001.59,1372171
2017-06-06,1008.61,994.8,1003.31,996.68,1550707
2017-06-05,1007.4011,995.45,997.89,1003.88,1377881
2017-06-02,996.48,987.07,988.59,996.12,1734937
2017-06-01,993.14,981.29,990.96,988.29,1304027
2017-05-31,999.6,981.68,996.21,987.09,1725641
2017-05-30,997.62,991.3601,992.5,996.17,1516553
2017-05-26,996.39,987.36,992,993.27,1632390
2017-05-25,995.78,977.82,979,991.86,1952802
2017-05-24,978.115,971.6299,975.26,977.61,1137638
2017-05-23,974.51,964.5,969.96,970.55,1544900
2017-05-22,964.82,956.56,957,964.07,1384904
2017-05-19,959.56,952,952.82,954.65,1359893
2017-05-18,954.18,941.27,943.2,950.5,1799512
2017-05-17,960.99,940.06,959.7,942.17,2446966
2017-05-16,965.8955,960.35,963.55,964.61,1099818
2017-05-15,962.7,952.82,955.29,959.22,1332065
2017-05-12,957.98,952.06,957.85,955.14,1214614
2017-05-11,957.99,948.61,951.29,955.89,1031011
2017-05-10,956.71,949.84,956.22,954.84,1145842
2017-05-09,962.2,954.4,961.33,956.71,1686770
2017-05-08,960.99,947.395,947.45,958.69,1875308
2017-05-05,958.4395,948.0986,956.72,950.28,1614381
2017-05-04,959.14,947.37,950.29,954.72,1937977
2017-05-03,950.2,935.21,936.05,948.45,1820150
2017-05-02,942.985,931,933.27,937.09,1749432
2017-05-01,935.82,920.8,924.15,932.82,2325611
2017-04-28,935.9,923.22,929,924.52,3804599
2017-04-27,893.3774,887.18,890,891.44,2306341
2017-04-26,892.99,885.15,891.39,889.14,1319855
2017-04-25,892.25,879.2801,882.26,888.84,2031687
2017-04-24,879.96,866.11,868.44,878.93,1691946
2017-04-21,862.44,857.73,860.62,858.95,1171407
2017-04-20,863.93,857.5,859.74,860.08,1187137
2017-04-19,860.2,853.5275,857.385,856.51,1078820
2017-04-18,857.39,851.25,852.54,853.99,935216
2017-04-17,855.64,841.03,841.38,855.13,1046754
2017-04-13,843.73,837.8503,841.04,840.18,1071248
2017-04-12,843.72,837.59,838.46,841.46,1135641
2017-04-11,844.63,834.6,841.7,839.88,973875
2017-04-10,846.7372,840.79,841.54,841.7,1045369
2017-04-07,845.88,837.3,845,842.1,1110404
2017-04-06,853.59,844,849.5,845.095,1530251
2017-04-05,860.59,847.52,854.71,848.91,1851632
2017-04-04,853,847.505,848,852.57,1346500
2017-04-03,859,847.5298,848.75,856.75,1968062
2017-03-31,849.56,845.2445,846.83,847.8,1440202
2017-03-30,852,846.77,851.98,849.48,948489
2017-03-29,851.585,841.38,842.75,849.87,1456135
2017-03-28,845.4,832.265,839.69,840.63,1517740
2017-03-27,841.38,824.3,828.09,838.51,1934575
2017-03-24,844,829.1,842,835.14,2102352
2017-03-23,841.69,833,841.39,839.65,3285469
2017-03-22,855.35,847,849.48,849.8,1361659
2017-03-21,873.47,847.687,870.06,850.14,2531086
2017-03-20,870.34,864.665,869.48,867.91,1528664
2017-03-17,874.42,868.37,873.68,872.37,1852574
2017-03-16,872.71,867.52,870.53,870,1103990
2017-03-15,869.88,861.295,867.94,868.39,1331984
2017-03-14,867.58,860.13,863.75,865.91,1059047
2017-03-13,867.13,860.82,860.83,864.58,1165561
2017-03-10,864.229,857.61,862.7,861.405,1336523
2017-03-09,860.71,852.67,853.69,857.84,1341977
2017-03-08,856.93,851.25,853.12,853.64,1029444
2017-03-07,853.33,845.52,847.26,851.15,1038337
2017-03-06,848.94,841.17,846.86,847.27,1046709
2017-03-03,850.82,844.705,848.94,849.08,1005385
2017-03-02,856.49,848.72,856.31,849.85,1249065
2017-03-01,858,849.02,851.38,856.75,1817444
2017-02-28,848.83,841.4422,847.35,844.93,1381453
2017-02-27,850.67,843.01,844.95,849.67,1009332
2017-02-24,848.36,842.9601,847.65,847.81,1345689
2017-02-23,852.62,842.5,851.08,851,1386019
2017-02-22,853.79,846.7101,848,851.36,1224597
2017-02-21,852.2,846.55,847.99,849.27,1260932
2017-02-17,846.94,839.78,841.31,846.55,1459501
2017-02-16,842.69,837.26,838.5,842.17,1004261
2017-02-15,841.7725,836.22,838.81,837.32,1356752
2017-02-14,842,835.83,839.77,840.03,1362210
2017-02-13,841.735,836.246,837.7,838.96,1295136
2017-02-10,837.15,830.51,832.95,834.85,1414105
2017-02-09,831.98,826.5,831.73,830.06,1193818
2017-02-08,834.25,825.11,830.53,829.88,1300977
2017-02-07,831.92,823.2926,825.5,829.23,1666384
2017-02-06,822.39,814.29,820.92,821.62,1350474
2017-02-03,826.13,819.35,823.13,820.13,1527736
2017-02-02,824.56,812.051,815,818.26,1686997
2017-02-01,824,812.25,824,815.24,2246841
2017-01-31,823.07,813.4,819.5,820.19,2017713
2017-01-30,837.23,821.03,837.06,823.83,3514929
2017-01-27,867,841.9,859,845.03,3751309
2017-01-26,861,850.5201,859.05,856.98,3452599
2017-01-25,858.7936,849.74,853.55,858.45,1657818
2017-01-24,851.52,842.28,846.98,849.53,1686373
2017-01-23,845.5428,828.7,831.61,844.43,2456979
2017-01-20,829.24,824.6,829.09,828.17,1304421
2017-01-19,832.9999,823.96,829,824.37,1068876
2017-01-18,829.81,824.08,829.8,829.02,1026256
2017-01-17,830.18,823.2001,830,827.46,1440724
2017-01-13,834.65,829.52,831,830.94,1289823
2017-01-12,830.38,821.01,828.38,829.53,1349799
2017-01-11,829.9,821.47,826.62,829.86,1323813
2017-01-10,829.41,823.14,827.07,826.01,1196641
2017-01-09,830.43,821.62,826.37,827.18,1408698
2017-01-06,828.96,811.5,814.99,825.21,2014451
2017-01-05,813.74,805.92,807.5,813.02,1339307
2017-01-04,813.43,804.11,809.89,807.77,1514808
2017-01-03,811.435,796.89,800.62,808.01,1958783
2016-12-30,803.285,789.62,803.21,792.45,1735522
2016-12-29,805.75,798.144,802.33,802.88,1057004
2016-12-28,813.33,802.44,813.33,804.57,1202240
2016-12-27,816,805.8,808.68,809.93,974738
2016-12-23,810.9696,805.11,808.01,807.8,764767
2016-12-22,811.07,806.03,809.1,809.68,1132047
2016-12-21,815.72,805.1,815.72,812.2,1457480
2016-12-20,816.49,811,813.37,815.2,1270529
2016-12-19,816.22,804.5,809.28,812.5,1263416
2016-12-16,819.2,808.12,818.31,809.84,2597948
2016-12-15,823,812,817.36,815.65,1768545
2016-12-14,824.26,812.78,815.92,817.89,1797612
2016-12-13,824.3,811.94,812.39,815.34,2104198
2016-12-12,811.35,804.5311,804.82,807.9,1627711
2016-12-09,809.95,798.05,799.3,809.45,1900034
2016-12-08,799,787.905,792.95,795.17,1611923
2016-12-07,792,773.53,779.95,791.47,2026403
2016-12-06,785.28,773.32,780.19,776.18,1733244
2016-12-05,780,766.9686,770,778.22,1685519
2016-12-02,770.5,759,761.9,764.46,1696488
2016-12-01,778.6,753.36,778.55,764.33,2863993
2016-11-30,791.51,773.145,789.1,775.88,2272782
2016-11-29,796.44,785.34,788.38,789.44,1560963
2016-11-28,799.74,778.1,778.35,785.79,2569319
2016-11-25,782.9,778.19,782.61,780.23,613549
2016-11-23,789.52,772.65,789.52,779,1311228
2016-11-22,793.77,783.74,788.99,785,1391312
2016-11-21,786.55,776.3,778.1,784.8,1628530
2016-11-18,791.29,775.35,787.17,775.97,1800135
2016-11-17,788.9,779.85,782.5,786.16,1531650
2016-11-16,783.5,766.33,770.42,779.98,1796559
2016-11-15,780.2376,765.22,765.47,775.16,2940057
2016-11-14,771.78,743.59,771.76,753.22,3681471
2016-11-11,777.29,765.54,776.81,771.75,3587879
2016-11-10,810.06,768.23,810,780.29,5902116
2016-11-09,811.71,792.035,801.83,805.59,3095105
2016-11-08,816.04,799.62,802.03,811.98,1759885
2016-11-07,805,792.9,794.95,802.03,1986464
2016-11-04,788.48,771.0043,771.3,781.1,1967620
2016-11-03,790,778.63,784.5,782.19,2173340
2016-11-02,806.76,785,806.76,788.42,2284886
2016-11-01,813.96,798.26,810.87,805.48,2354652
2016-10-31,822.63,808,822.43,809.9,2238967
2016-10-28,839,817,829.94,819.56,4352704
2016-10-27,826.58,814.61,823.01,817.35,2939601
2016-10-26,827.71,816.35,827.12,822.1,1791756
2016-10-25,838.5,825.3005,838.5,828.55,1887068
2016-10-24,837.94,829.04,830.09,835.74,1444851
2016-10-21,824.29,818.31,820,824.06,1612418
2016-10-20,828.465,820.55,827.56,821.63,1385811
2016-10-19,829.81,823.205,824.52,827.09,1497429
2016-10-18,828.81,813.33,814.21,821.49,2287485
2016-10-17,813.49,803.83,805.99,806.84,1055806
2016-10-14,810.09,802.32,807.45,804.6,1106895
2016-10-13,806.56,798.62,806.07,804.08,1368311
2016-10-12,814.5,808.5545,811.96,811.77,905703
2016-10-11,819.86,807.37,814.17,809.57,1719835
2016-10-10,817.38,802.24,803.93,814.17,1489003
2016-10-07,805.94,796.82,805.93,800.71,1163810
2016-10-06,806.945,800.51,804.08,803.08,1098158
2016-10-05,808.5,800.71,806,801.23,1209183
2016-10-04,806.5,799.67,805,802.79,1257681
2016-10-03,803.54,796.23,802.55,800.38,1487130
2016-09-30,808.09,801.5,803.6,804.06,1628896
2016-09-29,813.91,800.855,807.23,802.64,1348241
2016-09-28,810.25,802.7803,804.08,810.06,1469220
2016-09-27,813.49,801.83,801.83,810.73,1362135
2016-09-26,810.08,800.45,809.82,802.65,1431779
2016-09-23,817,812.73,815.14,814.96,1411216
2016-09-22,819.06,807.71,810,815.95,1757641
2016-09-21,805.91,796.03,801.26,805.03,1346610
2016-09-20,802.75,798.26,800,799.78,1049912
2016-09-19,803.99,793.56,801.11,795.39,1146770
2016-09-16,799.02,793.62,799.02,797.97,2129528
2016-09-15,803.645,788.66,790.01,801.23,1563899
2016-09-14,796.33,787.53,787.53,790.46,1313008
2016-09-13,795.79,784.33,794.01,788.72,1808015
2016-09-12,800.17,783.5,784.52,798.82,1861467
2016-09-09,801.75,788.05,798.77,788.48,1882483
2016-09-08,808.42,801.0101,805.22,802.84,1176431
2016-09-07,810.6,803.72,807.93,807.99,1145552
2016-09-06,810.89,795.43,798.39,808.02,1989232
2016-09-02,797.1,793.26,795.27,796.87,1349109
2016-09-01,792.89,786.33,791.98,791.4,1303118
2016-08-31,791.57,787.2,789.6,789.85,1070140
2016-08-30,798,789.47,792.88,791.92,1190034
2016-08-29,798.52,790.32,793.05,795.82,772876
2016-08-26,799.4,789.4069,792.49,793.22,1248466
2016-08-25,794.72,787.23,792,791.3,1201902
2016-08-24,798.46,790.76,796.86,793.6,1283824
2016-08-23,801,795.99,800.48,796.59,916133
2016-08-22,799.3,794.33,798.51,796.95,852892
2016-08-19,801.23,796.88,799.79,799.65,1120336
2016-08-18,808,801.63,805.36,802.75,864660
2016-08-17,805.63,796.3,800,805.42,1064729
2016-08-16,804.26,797,803.5,801.19,1056936
2016-08-15,811.36,804.03,807.21,805.96,929916
2016-08-12,807.19,803.64,805.09,807.05,896802
2016-08-11,813.879,806,810.47,808.2,1281610
2016-08-10,810.879,806.49,807.05,808.49,916595
2016-08-09,813.33,804.06,804.49,807.48,1607256
2016-08-08,807.6,801.69,806,805.23,1221422
2016-08-05,807.22,797.81,800.11,806.93,1805900
2016-08-04,800.2,793.92,798.24,797.25,1075295
2016-08-03,799.54,793.02,796.47,798.92,1460553
2016-08-02,802.32,794.53,797.33,800.12,1995240
2016-08-01,807.49,785.04,786.67,800.94,3024763
2016-07-29,803.94,790,797.71,791.34,5066995
2016-07-28,768.97,759.09,768.84,765.84,3590254
2016-07-27,764.45,755.93,758.97,761.97,1595341
2016-07-26,759.26,752.7503,757.52,757.65,1186574
2016-07-25,759.8249,754.07,757.68,757.52,1073258
2016-07-22,759.45,752.655,757.32,759.28,1045450
2016-07-21,758.15,751.52,757,754.41,953043
2016-07-20,760.64,754.05,754.05,757.08,1124699
2016-07-19,756.59,748.489,749.87,753.41,1521192
2016-07-18,755.1369,736.51,737.91,753.2,1927867
2016-07-15,741,734.64,741,735.63,1614967
2016-07-14,736.14,730.59,733.94,735.8,1069376
2016-07-13,735.52,729.02,735.52,729.48,1020847
2016-07-12,735.6,727.5,731.92,732.51,1328656
2016-07-11,728.9289,718.865,719.42,727.2,1432923
2016-07-08,717.9,708.11,710.56,717.78,1492655
2016-07-07,710.17,700.67,710.11,707.26,1057750
2016-07-06,713,699,699.84,708.97,1444163
2016-07-05,708.12,699.13,705.01,704.89,1421850
2016-07-01,712.53,703.73,705.1,710.25,1548430
2016-06-30,703.77,694.9015,697.65,703.53,2110713
2016-06-29,699.5,692.6834,694.26,695.19,2154792
2016-06-28,692.7399,684.85,691.37,691.26,1910261
2016-06-27,683.325,672.66,682.49,681.14,2909539
2016-06-24,705,684.91,690.17,685.2,4767591
2016-06-23,714.88,700.25,710.55,714.87,2121556
2016-06-22,714.21,705.88,714.05,710.47,1452007
2016-06-21,715.38,704.66,710.05,708.88,1492642
2016-06-20,715.87,705.41,710.31,706.13,2282347
2016-06-17,721.39,701.12,721.39,704.25,4112597
2016-06-16,730.39,715.54,727.96,724.25,2246849
2016-06-15,737.15,731.31,734.92,732.19,1157759
2016-06-14,736,726.5,729.31,733.25,1327872
2016-06-13,739,729.82,729.82,731.88,1166558
2016-06-10,739.64,730.51,735.95,733.19,1452155
2016-06-09,743.93,736.5,737.07,742.52,958731
2016-06-08,743.81,735.765,739.5,742.93,1615601
2016-06-07,736.71,730.8,733.27,731.09,1214733
2016-06-06,738.5,728.29,738.5,730.06,1491771
2016-06-03,741.49,733.91,741.49,735.86,1230030
2016-06-02,747.3,737,746.1,744.27,1695221
2016-06-01,751.37,744.34,748.47,748.46,1039582
2016-05-31,753.48,745.57,748.76,748.85,2123407
2016-05-27,747.91,737.01,737.51,747.6,1739463
2016-05-26,741.1,733,736,736.93,1359797
2016-05-25,739.89,732.6,735,738.1,1615382
2016-05-24,734.2,719.645,719.85,733.03,1893201
2016-05-23,723.4999,716.94,719.98,717.25,1237493
2016-05-20,727.7,715.01,716.46,721.71,1730353
2016-05-19,720.5,710.305,718.3,715.31,1523254
2016-05-18,725.57,715.02,718.5,721.78,1622966
2016-05-17,735.85,718,731.06,720.19,1668702
2016-05-16,732.68,720,724.32,730.3,1124740
2016-05-13,731.29,723.51,726.62,724.83,1255038
2016-05-12,735.37,724.27,732,728.07,1354049
2016-05-11,740.8,727.9025,740.52,730.55,1489772
2016-05-10,740,731.61,734.96,739.38,1629685
2016-05-09,734.29,723.5,726.7,729.13,1900579
2016-05-06,725.99,711.95,712.2,725.18,1994510
2016-05-05,717.55,709.4501,715,714.71,1482730
2016-05-04,715.05,704.05,706.77,711.37,1708120
2016-05-03,713.37,707.33,712.5,708.44,1930313
2016-05-02,715.41,706.36,711.92,714.41,1673095
2016-04-29,712.11,703.78,704.12,707.88,2913286
2016-04-28,729.26,703.2,723.29,705.06,3124368
2016-04-27,727.15,709.08,725.32,721.46,3305829
2016-04-26,745.59,720.32,744.42,725.37,2776678
2016-04-25,744.88,735.1,735.35,742.21,2470543
2016-04-22,753.92,730.37,743.91,737.77,7038718
2016-04-21,781.6799,771.55,777.31,780,3786960
2016-04-20,779.66,771.27,779.16,774.92,1710652
2016-04-19,790.95,770.27,790.5,776.25,2195959
2016-04-18,788.55,777.61,780.19,787.68,1673385
2016-04-15,780.93,774.9301,775.5,780,1559707
2016-04-14,779.61,773.22,775.36,775.39,1348242
2016-04-13,775.75,764.5908,770.31,771.91,1769568
2016-04-12,764.92,751.565,758.43,764.32,1366589
2016-04-11,767.22,757.34,765.45,757.54,1586524
2016-04-08,767.13,755.77,765.87,759.47,1171831
2016-04-07,769.36,757.5,765.32,760.12,1274258
2016-04-06,768.42,756.3,757.84,768.07,1262942
2016-04-05,762.87,755.6,758.13,758.57,1222899
2016-04-04,772.44,761.785,769.51,765.12,1346216
2016-04-01,770.04,755.2,757.16,769.67,1582377
2016-03-31,769.0842,758.25,768.34,762.9,1627359
2016-03-30,777.31,767.58,768.21,768.34,2018489
2016-03-29,767.18,748.29,753.68,765.89,1988867
2016-03-28,758.3,752.04,756.17,753.28,1083237
2016-03-24,757.555,750.5,751.2,754.84,1532760
2016-03-23,765.39,756.03,763.35,757.56,1233396
2016-03-22,765,757.875,758.44,760.05,1104542
2016-03-21,763.34,751.27,753.91,762.16,1438431
2016-03-18,762.14,751.82,761.63,755.41,2814010
2016-03-17,765.34,757.36,757.65,758.48,2227732
2016-03-16,759,746.5,749.05,757.36,1462328
2016-03-15,753.01,742.84,746.02,750.57,1479737
2016-03-14,754.26,743.6625,744.97,750.24,1640531
2016-03-11,744.9,736.7,739.95,744.87,1767725
2016-03-10,736.54,723.29,727.79,732.17,2229615
2016-03-09,726.24,712.66,715.165,725.41,1977088
2016-03-08,722.25,704,708.39,713.53,2625740
2016-03-07,727.21,705.14,725.15,712.8,3085143
2016-03-04,735,725.62,734.8,730.22,2424117
2016-03-03,741,729.63,739.48,731.59,2025542
2016-03-02,743.121,733.25,742.87,739.48,1814990
2016-03-01,742.33,718.64,721.3,742.17,3003534
2016-02-29,730.6,716.84,721,717.22,2248577
2016-02-26,736.16,721.9392,733.6,724.86,2122722
2016-02-25,729.51,713.23,722.93,729.12,1806153
2016-02-24,721.22,702.02,710.61,720.9,1846479
2016-02-23,730.9,715.67,726.1,717.29,2062573
2016-02-22,734.845,723.45,729.51,729.05,1875263
2016-02-19,724.03,713.12,715.9,722.11,1745074
2016-02-18,736,715.55,733.96,717.51,2362978
2016-02-17,733.76,716.61,727,731.97,2456691
2016-02-16,722.8789,710.18,718.65,717.64,2170580
2016-02-12,716,701.58,712.21,706.89,2326729
2016-02-11,712.315,691.19,696.34,706.36,3245164
2016-02-10,723.22,705.39,711.79,706.85,3012501
2016-02-09,720.96,688.5,692.95,701.02,4200412
2016-02-08,704.52,682.01,687.68,704.16,4446576
2016-02-05,726.72,700.14,725.5,703.76,5470489
2016-02-04,745.24,722.6001,744.59,730.03,5234019
2016-02-03,791.43,736.26,786.28,749.38,6551756
2016-02-02,810.35,780.6,800.5,780.91,6784651
2016-02-01,777.59,761.38,771.26,770.77,5450452
2016-01-29,765.105,744.2,748.96,761.35,3783526
2016-01-28,751.16,730.6,738.19,748.3,3099545
2016-01-27,735.89,713.45,735.89,717.58,2105853
2016-01-26,739.46,726.97,735.21,733.79,1545696
2016-01-25,752.46,732.501,743.84,733.62,2264914
2016-01-22,748.56,740.5,742,745.46,2357079
2016-01-21,737.67,711.11,720.17,726.67,2595123
2016-01-20,726.95,687.78,705.9,718.56,4118503
2016-01-19,725.35,709.85,720.15,719.08,2434005
2016-01-15,724.158,701.51,709.99,710.49,3789249
2016-01-14,739.89,705,724.44,731.39,2768633
2016-01-13,753,716.78,749.34,719.57,2578588
2016-01-12,748.34,736.43,740.75,745.34,2337503
2016-01-11,735.08,719.56,731.95,733.07,2537985
2016-01-08,750.12,728.9201,747.8,730.91,2374762
2016-01-07,755.31,735.28,746.49,741,3152358
2016-01-06,765.73,748,750.37,759.33,2408797
2016-01-05,769.2,755.65,764.1,761.53,2257466
2016-01-04,762.2,747.54,762.2,759.44,3363528
2015-12-31,788.33,777.32,787.82,778.01,1637241
2015-12-30,796.455,787.2,793.96,790.3,1427271
2015-12-29,798.69,786.202,786.99,793.96,1919541
2015-12-28,782.815,767.73,770,782.24,1555564
2015-12-24,769.2,764.39,768.52,765.84,521141
2015-12-23,771.9,757.65,770.69,768.51,1529510
2015-12-22,770.34,761.2,764.27,767.13,1814253
2015-12-21,766.35,754.15,763.05,760.8,1737946
2015-12-18,774.14,756.59,767.23,756.85,3374853
2015-12-17,781.59,769.3,781.16,769.83,1823211
2015-12-16,781.5,757.045,766.57,776.59,2651259
2015-12-15,774.75,758,767.79,760.09,2461633
2015-12-14,764.15,736.26,751.26,762.54,2698393
2015-12-11,757.44,748.65,749,750.42,2156617
2015-12-10,766.0655,755,763.59,760.04,1620898
2015-12-09,776.0926,752.0066,771.1,762.55,2311713
2015-12-08,778.65,762.52,764.5,775.14,1553155
2015-12-07,781,766.72,780.06,772.99,1825712
2015-12-04,782.42,765.51,769.71,779.21,2489157
2015-12-03,784.48,762.45,780.56,768.2,2094623
2015-12-02,793.0475,776.43,785.25,777.85,2335118
2015-12-01,785,765.95,766.94,783.79,2016443
2015-11-30,775.03,761.12,771.87,762.85,1611922
2015-11-27,774,767.0001,769.16,771.97,722320
2015-11-25,773,766.53,771.69,769.26,1180083
2015-11-24,775.99,758.11,772.96,769.63,2391171
2015-11-23,782.9,773.51,777.47,776.7,1732340
2015-11-20,779.318,764.1,769.3,777,2772642
2015-11-19,763.23,757.23,759.78,759.94,1403664
2015-11-18,761.1,747.39,749.57,760.01,1809897
2015-11-17,754.95,744.05,752.47,745.98,1941187
2015-11-16,751.71,734.33,740.21,750.42,2531896
2015-11-13,755.33,739.47,754.04,740.07,2406131
2015-11-12,765.799,755.86,760.18,756.53,1768372
2015-11-11,769.08,759.75,762.38,765.25,2093422
2015-11-10,760.6,748.41,753.48,758.26,1489851
2015-11-09,763.3,749.11,758.52,754.77,1776667
2015-11-06,763.022,755.03,759.39,761.6,1675784
2015-11-05,766.35,757.47,758.81,760.67,2272684
2015-11-04,759.9,749.2,749.9,755.31,2087911
2015-11-03,751.698,741.16,745.43,748.82,1814805
2015-11-02,748.18,731.45,737.88,747.74,1994264
2015-10-30,746.31,736.53,745.56,737.39,1997533
2015-10-29,746.79,735.16,736.63,744.85,1824574
2015-10-28,737.37,727.27,733,736.92,1967439
2015-10-27,735.9642,724.135,726.57,732.82,1936404
2015-10-26,734.95,720.02,720.02,731.12,2411726
2015-10-23,752.5,717.94,750.06,719.33,6330015
2015-10-22,688.0499,671.7,675.44,681.14,4360204
2015-10-21,684.9,670.7,683.21,671.8,1604735
2015-10-20,698,673.68,697.89,680,2619471
2015-10-19,700.2397,692.21,694,699.95,1502651
2015-10-16,696.22,689.1,695.4,695.32,1815517
2015-10-15,694.16,684.39,685.25,693.02,2355459
2015-10-14,690.04,678.9,683.73,680.41,1563983
2015-10-13,688.46,673.108,674.26,683.17,2115479
2015-10-12,677.98,667.24,669.19,676.43,1331892
2015-10-09,674.085,662.36,667.49,671.24,1604461
2015-10-08,671.89,654.49,669.45,667,1963318
2015-10-07,678.74,658.11,677.4,670,2188886
2015-10-06,678.8,663.0823,669.35,671.64,2156640
2015-10-05,673.0275,655.87,661.6,671.68,1896277
2015-10-02,658.2555,633.5,638.01,656.99,2434071
2015-10-01,643.84,631.115,637.94,642,2117079
2015-09-30,639.31,629.15,631.83,638.37,2644953
2015-09-29,634.68,618.03,625.5,622.61,2106411
2015-09-28,642.85,617.84,639.05,624.25,2372041
2015-09-25,658.58,639.655,658.58,640.15,2421258
2015-09-24,656.7699,642.165,648.97,654.91,1933343
2015-09-23,660.28,650.7301,652.9,653.29,1455506
2015-09-22,658.82,645.03,657.47,653.2,2714760
2015-09-21,669,658,665.51,666.98,1908296
2015-09-18,669.84,660.03,665.06,660.92,3622426
2015-09-17,681.99,665,667.49,671.67,2372191
2015-09-16,668.0699,662.2,665.55,665.52,1311353
2015-09-15,668.85,653.34,656.71,665.07,1776383
2015-09-14,655.92,649.501,655.63,652.47,1497577
2015-09-11,655.31,647.41,650.21,655.3,1744371
2015-09-10,654.9,641.7,643.9,651.08,1387402
2015-09-09,657.36,640.9,651.88,643.41,2046496
2015-09-08,645.04,632.9,641,643.88,1952855
2015-09-04,634.5,626.5,629.7,628.96,2021368
2015-09-03,651.25,633.8073,647.93,637.05,1726636
2015-09-02,645.057,630.64,638,644.91,1876564
2015-09-01,644.44,625.06,633.81,629.56,2572229
2015-08-31,664.41,646.35,654.34,647.82,1939177
2015-08-28,667,653.75,665.76,659.69,1937829
2015-08-27,673.9799,651.1,671.99,667.96,2943990
2015-08-26,662.48,630.37,643.1,659.74,4292376
2015-08-25,647,611.67,646.468,612.47,3565971
2015-08-24,644.33,593.09,600.6,618.11,6472137
2015-08-21,672.89,643.104,671.04,644.03,4525625
2015-08-20,696.16,675.2801,689.1,679.48,2885476
2015-08-19,700.2,686.8,690.11,694.04,2507033
2015-08-18,695.7568,685.32,691.07,688.73,1385267
2015-08-17,694.74,683.06,688.04,694.11,1231922
2015-08-14,692.26,682.9,684.04,689.37,1379730
2015-08-13,694.03,682.18,689.2,686.51,1812741
2015-08-12,696,680.51,694.49,691.47,2926164
2015-08-11,704,684.32,699.58,690.3,5472566
2015-08-10,671.62,660.23,667.09,663.14,1587541
2015-08-07,668.795,658.87,667.78,664.39,1376441
2015-08-06,674.75,660.73,673.99,670.15,2031876
2015-08-05,679.91,665.5827,665.75,673.29,1821862
2015-08-04,668,660.51,664.34,661.28,1306378
2015-08-03,666.67,657.66,657.66,664.72,1561711
2015-07-31,664.9999,657.2,664.7,657.5,1744458
2015-07-30,668.05,651.69,657.44,664.56,1979981
2015-07-29,663.33,652.84,662.26,661.43,1835632
2015-07-28,664.1,653.41,661.76,659.66,1718071
2015-07-27,667.07,651.55,651.57,658.27,2917862
2015-07-24,677.79,653.18,676.77,654.77,4127302
2015-07-23,696.07,671.59,691.85,674.73,3738692
2015-07-22,713.33,691.62,694.02,695.1,4132750
2015-07-21,705.6,684.15,684.88,695.35,3764433
2015-07-20,697.8,681.77,688.98,692.84,5116327
2015-07-17,703,678,680,699.62,12846880
2015-07-16,604.5,587.92,589.5,601.78,5401450
2015-07-15,588.69,580.21,583.74,583.96,2067590
2015-07-14,589.7087,574.17,574.5,584.18,3710928
2015-07-13,572.85,558.7,559.51,571.73,2085866
2015-07-10,559.29,552,553.71,556.11,2169406
2015-07-09,548.88,544.62,548.65,544.65,1485579
2015-07-08,548.28,541.2,545.6,541.7,1380910
2015-07-07,551,539.85,547.43,550.03,1678926
2015-07-06,548.58,542.095,542.25,545.62,1277899
2015-07-02,548,543.57,544.74,547.34,1406198
2015-07-01,545.81,539.76,543.66,543.3,1536068
2015-06-30,545.9,539.54,545.09,540.04,1724359
2015-06-29,550.9,540.24,546.75,541.25,1880383
2015-06-26,560,551.85,559.71,553.06,2183443
2015-06-25,563.14,557.455,560.3,557.95,1335133
2015-06-24,562.64,556.81,562.48,558.57,1442149
2015-06-23,564.9,557.15,559.79,563.39,1568936
2015-06-22,565.61,558.91,559.41,559.68,1735267
2015-06-19,557.91,552.258,556.52,557.52,2961487
2015-06-18,557.25,548,548,556.18,2058702
2015-06-17,548.36,541.81,545.42,546.6,1216067
2015-06-16,546.69,541.5724,544.48,544.87,1625462
2015-06-15,544.05,539.21,542.73,543,1357406
2015-06-12,548.85,545.63,547.15,547.47,1272112
2015-06-11,554.83,549.17,554.49,550.04,1287655
2015-06-10,554.78,545.11,545.7,552.6,1512572
2015-06-09,544.84,538.8506,543.42,542.16,1496543
2015-06-08,549.87,542.95,549.61,543.48,1366108
2015-06-05,553.33,547.384,552,549.53,1218634
2015-06-04,555.96,549.12,552.18,551.69,1316279
2015-06-03,557.99,552.15,555.1,555.29,1333465
2015-06-02,558.79,546.55,547.43,553.95,1592575
2015-06-01,550.57,543.58,548.73,549.21,1653245
2015-05-29,553.94,545.04,553.2,545.32,2158011
2015-05-28,555.76,550.8,553.79,554.18,1177318
2015-05-27,555.29,546.5813,548.68,554.25,1742062
2015-05-26,553.3305,542.97,552.58,547.19,1866458
2015-05-22,558.24,553.62,554.46,554.52,1209496
2015-05-21,557.61,549.301,550.2,556.81,1707151
2015-05-20,556.065,545.1,550.92,552.51,1540493
2015-05-19,553.4,547.12,548,549.28,2354545
2015-05-18,548.34,542.25,543.82,546.67,1333895
2015-05-15,550.6,542.5,550.39,546.49,1669028
2015-05-14,549.69,542.5,543.97,549.2,1583182
2015-05-13,543.84,538.98,540.47,539.49,1211630
2015-05-12,542.961,535,542.81,538.73,1762653
2015-05-11,553.3699,545.6,548.49,545.78,1091503
2015-05-08,552.8,548.03,548.87,548.95,1411047
2015-05-07,545.2,533.45,535.9,542.04,1590003
2015-05-06,543.93,532.235,542.64,535.08,1948741
2015-05-05,552.61,542.37,550.16,543.045,1422862
2015-05-04,556.69,547.39,550.99,552.84,1750805
2015-05-01,551.22,543.85,550.51,551.16,1730758
2015-04-30,561.11,546.72,558.56,548.77,2359357
2015-04-29,565.84,559,560.51,561.39,1680892
2015-04-28,567.83,560.96,564.32,564.37,1859750
2015-04-27,575.52,562.3,572.77,566.12,2398657
2015-04-24,584.7,568.35,580.05,573.66,4608117
2015-04-23,561.17,550.08,550.41,557.46,3832155
2015-04-22,551,541.32,543.06,549.18,1588353
2015-04-21,547.7745,542.21,546.31,542.925,1456074
2015-04-20,545.8,533.35,533.75,544.53,1925377
2015-04-17,539.8,529,537.31,532.74,2458770
2015-04-16,545.229,538.1,538.35,543.52,1582777
2015-04-15,543.19,532.37,537.96,541.04,2345682
2015-04-14,546.57,535.74,546.57,539.78,2357586
2015-04-13,553.27,546.3,547.05,548.64,1466277
2015-04-10,549.85,544.98,549.57,548.54,1305197
2015-04-09,549.37,541.951,549.21,548.02,1617785
2015-04-08,551.5,546,546,548.84,1419291
2015-04-07,550.16,543.585,544.99,544.86,1365906
2015-04-06,545.54,535.7,538.84,543.95,1684445
2015-04-02,548,540.44,547.41,541.31,2387229
2015-04-01,558.5,546.03,554.83,549.49,1936432
2015-03-31,562.45,554.67,557.94,554.7,1746223
2015-03-30,562.16,556.79,560.25,561.135,1238950
2015-03-27,564.066,556.93,561.83,557.55,1725780
2015-03-26,567.19,558.31,564.65,563.64,2489407
2015-03-25,580.07,567,577.57,567,2652778
2015-03-24,581.88,568.09,568.54,577.54,3952003
2015-03-23,569.6399,563.06,566,565.37,1501661
2015-03-20,567.1,564.48,566.71,564.95,2212764
2015-03-19,566.96,562.12,564.52,563.67,1230348
2015-03-18,566.51,553.5,557.73,566.16,1762169
2015-03-17,560.64,554.41,558.29,557.61,1443991
2015-03-16,563.75,551.32,556.93,561.64,1840931
2015-03-13,564.36,550.33,559.23,553,1769482
2015-03-12,561.84,555.53,558.48,561.17,1779635
2015-03-11,564.18,555.41,559.8,555.69,2025341
2015-03-10,569.762,559.82,568.475,559.85,2002985
2015-03-09,575.45,569.05,570.92,574.1,1174148
2015-03-06,582.78,572.06,582,572.9,1877842
2015-03-05,583.2,578.23,579.62,581.435,1795117
2015-03-04,581.63,572.52,576.97,578.33,1897566
2015-03-03,580.85,570.5,576.35,578.795,2526019
2015-03-02,575.99,563.15,567,575.02,2515699
2015-02-27,569.42,557.03,558.15,562.63,3414672
2015-02-26,560.1299,545.09,545.74,559.29,2700734
2015-02-25,549.57,538.01,538.44,547.33,2041250
2015-02-24,539.4,531,531.55,538.65,1421363
2015-02-23,539.3,532,539,535,1642529
2015-02-20,547.58,538.1,547.58,541.8,1911661
2015-02-19,546.86,540.75,542.47,546.45,1541664
2015-02-18,547.55,539.55,543.82,542.65,1462015
2015-02-17,553,543.26,551.16,545.01,1957516
2015-02-13,552.54,546.6,547.51,551.16,2298660
2015-02-12,548.34,537,539.66,546.01,2427255
2015-02-11,541.95,536,539.73,538,1914093
2015-02-10,541,529.1725,532.15,540.16,2367572
2015-02-09,533.88,527.55,531.06,529.28,1513810
2015-02-06,540.215,528.65,531.01,533.875,2144723
2015-02-05,530.69,525.64,527.93,529.83,1658557
2015-02-04,536.746,525.03,533.14,526.1,1692531
2015-02-03,537.45,526.81,529.94,533.3,2352437
2015-02-02,536.5,521.72,534.32,532.2,3765337
2015-01-30,543.1,518.18,519,537.55,6053660
2015-01-29,515.19,503.48,512.9,513.23,3889925
2015-01-28,525.69,512.35,525,512.43,1784237
2015-01-27,532.78,520.8612,531.4,521.19,1956292
2015-01-26,541.5,532.07,541.5,536.72,1546251
2015-01-23,545.41,535.7508,538.03,541.95,2295988
2015-01-22,538.84,521.91,523,537.3,2799380
2015-01-21,521.851,509.59,510.84,520.39,2316928
2015-01-20,515.61,509.37,512.77,509.94,2340379
2015-01-16,510.85,503.09,503.15,510.455,2482675
2015-01-15,509.75,502.01,508.89,504.01,2553978
2015-01-14,508.26,498.16,500.42,505.93,2633957
2015-01-13,508.6,497.26,502.57,501.8,3049845
2015-01-12,500.28,490.91,499.24,497.06,2855348
2015-01-09,508.6,498.65,508.18,500.72,2097137
2015-01-08,507.5,495.02,501.51,506.91,3661816
2015-01-07,511.49,503.65,510.95,505.15,2345062
2015-01-06,521.21,505.55,520.5,506.64,2727897
2015-01-05,527.9899,517.75,527.15,519.46,2054120
2015-01-02,535.8,527.88,532.6,529.55,1325271
